{
	"agent-name": "esarsa",
	"environment-name": "puddleworld",
	"agent-settings": {
		"gamma": 1.0,
		"state-len": 2,
		"env-name": "puddleworld",
		"buffer-type": "random",
		"buffer-size": 1000,
		"decreasing-epsilon": "None",
		"sweep": {
			"epsilon": [0.0],
			"epsilon-after-lock": [0.0],
			"tilings": [16],
			"tiles": [8],
			"lambda": [0.14345759728429092],
			"alpha": [0.0],
			"weight-init": [4.270180451447466],
			"is-stepsize-adaptive": [true],
			"adaptive-alpha": [0.3531856536492844],
			"beta1": [0.3423875317143536],
			"softmax-temp": [0.12194088114632218]
		},

		"lock-weight": true,
		"lock-condition": "onetime-epReturn",
		"lock-condition-return": -40,
		"enable-debug": false,
		"seed": 1
	},
	"environment-settings": {
		"seed": 1
	},
	"experiment-settings": {
		"randomize_start_state_beforeLock": true,
		"randomize_start_state_afterLock": true,
		"steps": 0,
		"episodes": 10000000,
		"total-step-after-lock": 15000,
		"count-step-after-lock": true,
		"data-path": "data/hyperparam_v5/puddlerand/offline_data/random_restarts/esarsa/step15k/optimalfixed_eps0/",
		"should-log-traces": true,
		"should-log-episode-lengths": false,
		"debug-interval": 0
	}
}

