{
	"agent-name": "esarsa",
	"environment-name": "knnModel",
	"agent-settings": {
		"gamma": 1.0,
		"state-len": 2,
		"env-name": "puddleworld",
		"sweep": {
			"tilings": [16],
			"tiles": [8],
			"is-stepsize-adaptive": [true],
			"alpha": [0.0],
			"lambda": [0.14345759728429092],
			"epsilon": [0.0],
			"adaptive-alpha": [0.00039242850405476045],
			"beta1": [0.0, 0.9],
			"softmax-temp": [1.0],
			"weight-init": [0.0]
		},
		"lock-weight": false,
		"enable-debug": false,
		"seed": 1,
		"total-logs": 30
	},
	"environment-settings": {
		"seed": 1,
		"total-logs": 30,
		"neighbor-num": 3,
		"datalog": "data/hyperparam_v5/puddlerand/offline_data/random_restarts/esarsa/step500/subsuboptimalfixed_eps0/param_0/",
		"ensemble-seed": 0,
		"drop-percent": 0,
		"pick-start-state": "random-init",

		"rep-train-num-step": 30000,
		"rep-train-beta": 5,
		"rep-train-delta": 0.05,
		"rep-train-lambda": 0.8,
		"rep-train-traj-len": 5,
		"rep-train-batch": 128,
		"rep-train-learning-rate": 0.0001,
		"rep-hidden": [128, 128],
		"rep-dim": 4,
		"rep-test-forward": 1,
		"rep-name": "Laplace",

		"rep-save": true,
		"rep-save-path": "data/hyperparam_v5/puddlerand/offline_learning/knn/env_training/step500/subsuboptimalfixed_eps0/rep_laplace",
		"rep-load": false,
		"rep-load-path": "data/hyperparam_v5/puddlerand/offline_learning/knn/env_training/step500/subsuboptimalfixed_eps0/rep_laplace",

		"rep-is-test": false
	},
	"experiment-settings": {
		"randomize_start_state_beforeLock": false,
		"randomize_start_state_afterLock": false,
		"steps": 0,
		"episodes": 1000000,
		"max-run-length-episodic": 80000,
		"steps-in-episode": 500,

		"data-path": "data/hyperparam_v5/puddlerand/offline_learning/knn/env_training/step500/subsuboptimalfixed_eps0/rep_laplace",
		"should-log-traces": false,
		"should-log-episode-lengths": false,
		"should-log-rewards": false,
		"should-log-totals": true,
		"should-log-returns": false,
		"debug-interval": 0
	}
}
