{
	"agent-name": "actorcritic",
	"environment-name": "knnModel",
	"agent-settings": {
		"gamma": 1.0,
		"state-len": 2,
		"env-name": "acrobot",
		"sweep": {
			"tilings": [16],
			"tiles": [8],
			"alpha-ratio": [1e-1, 3e-1, 1e-2, 1e-3],
			"critic-alpha": [1e-2, 3e-2, 1e-3, 3e-3]
		},
		"lock-weight": false,
		"enable-debug": false,
		"seed": 1,
		"total-logs": 30
	},
	"environment-settings": {
		"seed": 1,
		"total-logs": 30,
		"neighbor-num": 3,
		"datalog": "data/hyperparam_v5/acrobot/offline_data/random_restarts/esarsa/step15k/optimalfixed_eps0/param_0/",
		"true-start-log": "data/hyperparam_v5/acrobot/offline_data/true_restarts/esarsa/step15k/optimalfixed_eps0/param_0/",
		"ensemble-seed": 0,
		"drop-percent": 0,
		"pick-start-state": "random-init"
	},
	"experiment-settings": {
		"randomize_start_state_beforeLock": false,
		"randomize_start_state_afterLock": false,
		"steps": 0,
		"episodes": 1000000,
		"max-run-length-episodic": 15000,
		"steps-in-episode": 500,

		"data-path": "data/hyperparam_v5/acrobot/offline_learning/knn/learning/k3/timeout500/ac/step15k_env/data_optimal/drop0/sweep",
		"should-log-traces": false,
		"should-log-episode-lengths": false,
		"should-log-rewards": false,
		"should-log-totals": true,
		"should-log-returns": true,
		"debug-interval": 0
	}
}
