{
	"agent-name": "esarsa",
	"environment-name": "knnModel",
	"agent-settings": {
		"gamma": 0.9,
		"state-len": 4,
		"env-name": "cartpole",
		"sweep": {
			"epsilon": [0.0],
			"epsilon-after-lock": [0.0],
			"tilings": [16],
			"tiles": [8],
			"lambda": [0.8848763719431171],
			"alpha": [0.0],
			"weight-init": [4.025999372129175],
			"is-stepsize-adaptive": [true],
			"adaptive-alpha": [0.04733074230606279],
			"beta1": [0.4047351414189722],
			"softmax-temp": [0.33830515991058824]
		},
		"lock-weight": false,
		"enable-debug": false,
		"seed": 1,

		"total-logs": 30
	},
	"environment-settings": {
		"seed": 1,
		"total-logs": 30,
		"neighbor-num": 3,
		"datalog": "data/hyperparam_v5/cartpole/offline_data/random_restarts/esarsa/step10k/suboptimalfixed_eps0/param_0/",
		"true-start-log": "data/hyperparam_v5/cartpole/offline_data/true_restarts/esarsa/step10k/suboptimalfixed_eps0/param_0/",
		"ensemble-seed": 0,
		"drop-percent": 0,
		"pick-start-state": "random-init",

		"rep-train-num-step": 30000,
		"rep-train-beta": 5,
		"rep-train-delta": 0.05,
		"rep-train-lambda": 0.8,
		"rep-train-traj-len": 50,
		"rep-train-batch": 128,
		"rep-train-learning-rate": 3e-05,
		"rep-hidden": [128, 128],
		"rep-dim": 8,
		"rep-name": "Laplace",
		"rep-test-forward": 1,

		"rep-save": true,
		"rep-save-path": "data/hyperparam_v5/cartpole/offline_learning/knn/env_training/step10k/suboptimalfixed_eps0/rep_laplace",
		"rep-load": false,
		"rep-load-path": "data/hyperparam_v5/cartpole/offline_learning/knn/env_training/step10k/suboptimalfixed_eps0/rep_laplace",

		"rep-is-test": false
	},
	"experiment-settings": {
		"randomize_start_state_beforeLock": false,
		"randomize_start_state_afterLock": false,
		"steps": 0,
		"episodes": 1000000,
		"max-run-length-episodic": 80000,
		"steps-in-episode": 500,

		"data-path": "data/hyperparam_v5/cartpole/offline_learning/knn/env_training/step10k/suboptimalfixed_eps0/rep_laplace",
		"should-log-traces": false,
		"should-log-episode-lengths": false,
		"should-log-rewards": false,
		"should-log-totals": true,
		"should-log-returns": false,
		"debug-interval": 0
	}
}
