{
	"agent-name": "esarsa",
	"environment-name": "networkModel",
	"agent-settings": {
		"gamma": 1.0,
		"state-len": 2,
		"env-name": "puddleworld",
		"sweep": {
			"tilings": [16],
			"tiles": [8],
			"is-stepsize-adaptive": [true],
			"alpha": [0.0],
			"lambda": [0.14345759728429092],
			"epsilon": [0.0],
			"adaptive-alpha": [0.00039242850405476045],
			"beta1": [0.0, 0.9],
			"softmax-temp": [1.0],
			"weight-init": [0.0]
		},
		"lock-weight": false,
		"enable-debug": false,
		"seed": 1,
		"total-logs": 30
	},
	"environment-settings": {
		"seed": 1,
		"total-logs": 30,
		"neighbor-num": 3,
		"datalog": "data/hyperparam_v5/puddlerand/offline_data/random_restarts/esarsa/step5k/optimalfixed_eps0/param_0/",
		"ensemble-seed": 0,
		"drop-percent": 0,
		"pick-start-state": "random-init",

		"is-test": true,
		"sweep": {
			"train-separated": [true],
			"scale-state": [false],
			"scale-reward": [false],
			"train-epoch": [100],
			"train-batch": [16],
			"train-hidden-layer": [[128,128]],
			"train-learning-rate": [0.001, 0.0003, 0.0001, 0.00003, 0.00001]
		}
	},
	"experiment-settings": {
		"randomize_start_state_beforeLock": false,
		"randomize_start_state_afterLock": false,
		"steps": 0,
		"episodes": 1000000,
		"max-run-length-episodic": 80000,
		"steps-in-episode": 500,

		"data-path": "data/hyperparam_v5/puddlerand/offline_learning/network/env_sweep/network_param_separated",
		"should-log-traces": false,
		"should-log-episode-lengths": false,
		"should-log-rewards": false,
		"should-log-totals": false,
		"should-log-returns": false,
		"debug-interval": 0
	}
}
