{
	"agent-name": "dqn",
	"environment-name": "puddleworld",
	"agent-settings": {
		"decreasing-epsilon": "None",
		"gamma": 1.0,
		"state-len": 2,
		"buffer-type": "random",
		"optimizer": "Adam",
		"dqn-adamBeta1": 0.9,
		"dqn-adamBeta2": 0.999,
		"dqn-adamEps": 1e-8,
		"sweep": {
			"alpha": [1e-3],
			"dqn-hidden": [
				[64, 64]
			],
			"dqn-sync":[512],
			"dqn-batch":[64],
			"buffer-size":[2500],
			"epsilon": [0.1]
		},
		"lock-weight": false,
		"enable-debug": false,
		"seed": 1
	},
	"environment-settings": {
		"seed": 1
	},
	"experiment-settings": {
		"randomize_start_state_beforeLock": true,
		"randomize_start_state_afterLock": true,
		"steps": 0,
		"episodes": 10000000,
		"max-run-length-episodic": 30000,
		"data-path": "data/hyperparam_v5/puddlerand/online_learning/dqn/temp/",
		"should-log-totals": true,
		"should-log-returns": false,
		"debug-interval": 0
	}
}
