{
	"agent-name": "dqn",
	"environment-name": "knnModel",
	"agent-settings": {
		"decreasing-epsilon": "None",
		"gamma": 1.0,
		"state-len": 2,
		"buffer-type": "random",
		"optimizer": "Adam",
		"dqn-adamBeta1": 0.9,
		"dqn-adamBeta2": 0.999,
		"dqn-adamEps": 1e-8,
		"sweep": {
			"alpha": [1e-3, 3e-3, 1e-4],
			"dqn-hidden": [
				[64, 64], [128, 128]
			],
			"dqn-sync":[512],
			"dqn-batch":[64, 128],
			"buffer-size":[2500],
			"epsilon": [0.1]
		},
		"lock-weight": false,
		"enable-debug": false,
		"seed": 1
	},
	"environment-settings": {
		"seed": 1,
		"total-logs": 30,
		"neighbor-num": 3,
		"datalog": "data/hyperparam_v5/puddlerand/offline_data/random_restarts/esarsa/step15k/optimalfixed_eps0/param_0/",
		"ensemble-seed": 0,
		"drop-percent": 0,
		"pick-start-state": "random-init",

		"rep-train-num-step": 30000,
		"rep-train-beta": 5,
		"rep-train-delta": 0.05,
		"rep-train-lambda": 0.8,
		"rep-train-traj-len": 5,
		"rep-train-batch": 128,
		"rep-train-learning-rate": 0.0003,
		"rep-hidden": [128, 128],
		"rep-dim": 4,
		"rep-test-forward": 0,
		"rep-name": "Laplace",

		"rep-save": false,
		"rep-load": true,
		"rep-load-path": "data/hyperparam_v5/puddlerand/offline_learning/knn/env_training/step15k/optimalfixed_eps0/rep_laplace"
	},
	"experiment-settings": {
		"randomize_start_state_beforeLock": false,
		"randomize_start_state_afterLock": false,
		"steps": 0,
		"episodes": 1000000,
		"max-run-length-episodic": 30000,
		"steps-in-episode": 500,

		"data-path": "data/hyperparam_v5/puddlerand/offline_learning/knn/learning/k3_laplace/timeout500/dqn/step15k_env/data_optimal/drop0/sweep_rep0",
		"should-log-traces": false,
		"should-log-episode-lengths": false,
		"should-log-rewards": false,
		"should-log-totals": true,
		"should-log-returns": true,
		"debug-interval": 0
	}
}
