{
	"agent-name": "esarsa",
	"environment-name": "cartpole",
	"agent-settings": {
		"gamma": 0.9,
		"state-len": 4,
		"env-name": "cartpole",
		"buffer-type": "random",
		"buffer-size": 2500,
		"decreasing-epsilon": "None",
    	"sweep": {
			"epsilon": [0.081],
			"epsilon-after-lock": [0.081],
			"tilings": [16],
			"tiles": [2],
			"lambda": [0.942],
			"alpha": [0.0067],
			"is-stepsize-adaptive": [false],
			"adaptive-alpha": [0]
    },

		"lock-weight": true,
		"lock-condition": "onetime-reward",
	    "lock-condition-reward": -0.005,
		"enable-debug": false,
		"seed": 1
	},
	"environment-settings": {
		"seed": 1,
		"percent_noise_action": 0.01
	},
	"experiment-settings": {
		"randomize_start_state_beforeLock": false,
		"randomize_start_state_afterLock": false,
		"steps": 0,
		"episodes": 10000000,
		"training-steps-before-lock": 1000,
		"total-step-after-lock": 10000,
		"count-step-after-lock": true,
		"data-path": "data/hyperparam_v5/cartpole/offline_data/true_restarts/esarsa/step10k/suboptimalfixed_eps0/",
		"should-log-traces": true,
		"should-log-episode-lengths": false,
		"debug-interval": 0
	}
}

