{
	"comment": "This is the config file for expected SARSA lambda agent for the continuing cartpole environment.",
	"agent-name": "esarsa",
	"environment-name": "acrobot",
	"agent-settings": {
		"gamma": 1.0,
		"state-len": 6,
		"env-name": "acrobot",
		"sweep": {
			"epsilon": [0.0],
			"epsilon-after-lock": [0.0],
			"tilings": [16],
			"tiles": [8],
			"lambda": [0.8848763719431171],
			"alpha": [0.0],
			"weight-init": [4.025999372129175],
			"is-stepsize-adaptive": [true],
			"adaptive-alpha": [0.04733074230606279],
			"beta1": [0.4047351414189722],
			"softmax-temp": [0.33830515991058824]
		},

		"weight-save": true,
		"weight-save-path": "data/hyperparam_v5/acrobot/online_learning/esarsa/temp/",
		"lock-weight": false,
    	"enable-debug": false,
    	"seed": 1
	},
	"environment-settings": {
		"seed": 1
	},
	"experiment-settings": {
		"randomize_start_state_beforeLock": false,
    	"randomize_start_state_afterLock": false,
		"steps": 0,
		"episodes": 1000000,
		"max-run-length-episodic": 15000,
		"data-path": "data/hyperparam_v5/acrobot/online_learning/esarsa/temp/",

		"should-log-totals": true,
		"should-log-episode-lengths": true,
		"debug-interval": 0
	}
}

