{
  "comment": "This is the config file for expected SARSA lambda agent for the continuing cartpole environment.",
  "agent-name": "esarsa",
  "environment-name": "knnModel",
  "agent-settings": {
    "gamma": 1.0,
    "state-len": 6,
    "env-name": "acrobot",
    "sweep": {
      "epsilon": [0.0],
      "epsilon-after-lock": [0.0],
      "tilings": [16],
      "tiles": [8],
      "lambda": [0.8],
      "alpha": [0.0],
      "weight-init": [0],
      "is-stepsize-adaptive": [true],
      "adaptive-alpha": [0.03],
      "beta1": [0],
      "softmax-temp": [1]
    },

    "weight-save": true,
    "weight-save-path": "data/hyperparam_v5/acrobot_shift/calibration_learning/default/k3_laplace/timeout500/esarsa/step5k_env/data_optimal/drop0/step50k/",
    "lock-weight": false,
    "enable-debug": false,
    "seed": 1,
    "total-logs": 30
  },
  "environment-settings": {
    "seed": 1,
    "total-logs": 30,
    "neighbor-num": 3,
    "datalog": "data/hyperparam_v5/acrobot/offline_data/random_restarts/esarsa/step5k/optimalfixed_eps0/param_0/",
    "true-start-log": "data/hyperparam_v5/acrobot/offline_data/true_restarts/esarsa/step5k/optimalfixed_eps0/param_0/",
    "ensemble-seed": 0,
    "drop-percent": 0,
    "pick-start-state": "random-init",

    "rep-train-num-step": 30000,
    "rep-train-beta": 5,
    "rep-train-delta": 0.5,
    "rep-train-lambda": 0.8,
    "rep-train-traj-len": 20,
    "rep-train-batch": 128,
    "rep-train-learning-rate": 0.00003,
    "rep-hidden": [128, 128],
    "rep-dim": 8,
    "rep-name": "Laplace",

    "rep-save": false,
    "rep-load": true,
    "rep-load-path": "data/hyperparam_v5/acrobot/offline_learning/knn/env_training/step5k/optimalfixed_eps0/rep_laplace"
  },
  "experiment-settings": {
    "randomize_start_state_beforeLock": false,
    "randomize_start_state_afterLock": false,
    "steps": 0,
    "episodes": 1000000,
    "max-run-length-episodic": 50000,
    "data-path": "data/hyperparam_v5/acrobot_shift/calibration_learning/default/k3_laplace/timeout500/esarsa/step5k_env/data_optimal/drop0/step50k/",

    "should-log-totals": true,
    "should-log-episode-lengths": true,
    "debug-interval": 0
  }
}

