{
	"comment": "This is the config file for expected SARSA lambda agent for the continuing cartpole environment.",
	"agent-name": "esarsa",
	"environment-name": "puddleworld",
	"agent-settings": {
		"gamma": 1.0,
		"state-len": 2,
		"env-name": "puddleworld",
		"sweep": {
			"tilings": [16],
			"tiles": [8],
			"is-stepsize-adaptive": [true],
			"alpha": [0.0],
			"lambda": [0.1],
			"epsilon": [0.0],
			"adaptive-alpha": [0.01, 0.03, 0.1],
			"beta1": [0.0, 0.9],
			"softmax-temp": [1.0, 10.0, 100.0],
			"weight-init": [0.0, 4.0, 8.0]
		},
		"lock-weight": false,
    	"enable-debug": false,
    	"seed": 1
	},
	"environment-settings": {
		"seed": 1
	},
	"experiment-settings": {
		"randomize_start_state_beforeLock": true,
    	"randomize_start_state_afterLock": true,
		"steps": 0,
		"episodes": 10000000,
		"max-run-length-episodic": 30000,
		"data-path": "data/hyperparam_v5/puddlerand/online_learning/esarsa/step30k/sweep/",
		"should-log-totals": true,
		"should-log-returns": false,
		"debug-interval": 0
	}
}

