{
  "agent-name": "esarsa",
  "environment-name": "networkModel",
  "agent-settings": {
    "gamma": 1.0,
    "state-len": 6,
    "env-name": "acrobot",
    "buffer-type": "random",
    "buffer-size": 2000,
    "decreasing-epsilon": "None",
    "sweep": {
      "epsilon": [0.0],
      "epsilon-after-lock": [0.0],
      "tilings": [16],
      "tiles": [8],
      "lambda": [0.8848763719431171],
      "alpha": [0.0],
      "weight-init": [4.025999372129175],
      "is-stepsize-adaptive": [true],
      "adaptive-alpha": [0.04733074230606279],
      "beta1": [0.4047351414189722],
      "softmax-temp": [0.33830515991058824]
    },

    "lock-weight": false,
    "enable-debug": false,
    "seed": 1,
    "total-logs": 30
  },
  "environment-settings": {
    "seed": 1,
    "total-logs": 30,
    "neighbor-num": 3,
    "datalog": "data/hyperparam_v5/acrobot/offline_data/random_restarts/esarsa/step500/subsuboptimalfixed_eps0/param_0/",
    "true-start-log": "data/hyperparam_v5/acrobot/offline_data/true_restarts/esarsa/step500/subsuboptimalfixed_eps0/param_0/",
    "ensemble-seed": 0,
    "drop-percent": 0,
    "pick-start-state": "random-init",

    "train-separated": true,
    "scale-state": true,
    "scale-reward": false,
    "clip-prediction": true,
    "train-epoch": 100,
    "train-batch": 16,
    "train-hidden-layer": [128,128],
    "train-learning-rate": 0.0003,

    "model-save": true,
    "model-save-path": "data/hyperparam_v5/acrobot/offline_learning/network/env_training/step500/subsuboptimalfixed_eps0/nn_scale",
    "model-load": false,
    "model-load-path": "data/hyperparam_v5/acrobot/offline_learning/network/env_training/step500/subsuboptimalfixed_eps0/nn_scale"
  },
  "experiment-settings": {
    "randomize_start_state_beforeLock": false,
    "randomize_start_state_afterLock": false,
    "steps": 0,
    "episodes": 1000000,
    "max-run-length-episodic": 80000,
    "steps-in-episode": 500,

    "data-path": "data/hyperparam_v5/acrobot/offline_learning/network/env_training/step500/subsuboptimalfixed_eps0/nn_scale",
    "should-log-traces": false,
    "should-log-episode-lengths": false,
    "should-log-rewards": false,
    "should-log-totals": false,
    "should-log-returns": false,
    "debug-interval": 0
  }
}
