{
  "agent-name": "actorcritic",
  "environment-name": "knnModel",
  "agent-settings": {
    "gamma": 1.0,
    "state-len": 2,
    "env-name": "puddleworld",
    "sweep": {
      "tilings": [16],
      "tiles": [8],
      "alpha-ratio": [1e-1, 3e-1, 1e-2, 3e-2, 1e-3, 3e-3],
      "critic-alpha": [1e-1, 3e-1, 1e-2, 3e-2, 1e-3, 3e-3]
    },
    "lock-weight": false,
    "enable-debug": false,
    "seed": 1,
    "total-logs": 30
  },
  "environment-settings": {
    "seed": 1,
    "total-logs": 30,
    "neighbor-num": 3,
    "datalog": "data/hyperparam_v5/puddlerand/offline_data/random_restarts/esarsa/step5k/optimalfixed_eps0/param_0/",
    "ensemble-seed": 0,
    "drop-percent": 0,
    "pick-start-state": "random-init",

    "rep-train-num-step": 30000,
    "rep-train-beta": 5,
    "rep-train-delta": 0.05,
    "rep-train-lambda": 0.8,
    "rep-train-traj-len": 5,
    "rep-train-batch": 128,
    "rep-train-learning-rate": 0.0003,
    "rep-hidden": [128, 128],
    "rep-dim": 4,
    "rep-test-forward": 0,
    "rep-name": "Laplace",

    "rep-save": false,
    "rep-load": true,
    "rep-load-path": "data/hyperparam_v5/puddlerand/offline_learning/knn/env_training/step5k/optimalfixed_eps0/rep_laplace/"
  },
  "experiment-settings": {
    "randomize_start_state_beforeLock": false,
    "randomize_start_state_afterLock": false,
    "steps": 0,
    "episodes": 1000000,
    "max-run-length-episodic": 30000,
    "steps-in-episode": 1000,

    "data-path": "data/hyperparam_v5/puddlerand/offline_learning/knn/learning/k3_laplace/timeout1000/ac/step5k_env/data_optimal/drop0/sweep_rep1",
    "should-log-traces": false,
    "should-log-episode-lengths": false,
    "should-log-rewards": false,
    "should-log-totals": true,
    "should-log-returns": true,
    "debug-interval": 0
  }
}