{
	"agent-name": "esarsa",
	"environment-name": "acrobot",
	"agent-settings": {
		"gamma": 1.0,
		"state-len": 6,
		"env-name": "acrobot",
		"buffer-type": "random",
		"buffer-size": 2000,
		"decreasing-epsilon": "None",
		"sweep": {
			"epsilon": [0.0],
			"epsilon-after-lock": [0.0],
			"tilings": [16],
			"tiles": [8],
			"lambda": [0.8848763719431171],
			"alpha": [0.0],
			"weight-init": [4.025999372129175],
			"is-stepsize-adaptive": [true],
			"adaptive-alpha": [0.04733074230606279],
			"beta1": [0.4047351414189722],
			"softmax-temp": [0.33830515991058824]
		},

		"lock-weight": true,
		"lock-condition": "onetime-epstep-lessthan",
		"lock-condition-epstep-lessthan": 100,
		"enable-debug": false,
		"seed": 1
	},
	"environment-settings": {
		"seed": 1
	},
	"experiment-settings": {
		"randomize_start_state_beforeLock": false,
		"randomize_start_state_afterLock": false,
		"steps": 0,
		"episodes": 10000000,
		"total-step-after-lock": 5000,
		"count-step-after-lock": true,
		"data-path": "data/hyperparam_v5/acrobot/offline_data/true_restarts/esarsa/step5k/optimalfixed_eps0/",
		"should-log-traces": true,
		"should-log-episode-lengths": false,
		"debug-interval": 0
	}
}

