{
	"comment": "This is the config file for Actor Critic agent for the acrobot environment.",
	"agent-name": "actorcritic",
	"environment-name": "acrobot",
	"agent-settings": {
		"gamma": 1.0,
		"state-len": 2,
		"env-name": "acrobot",
		"sweep": {
			"tilings": [16],
			"tiles": [8],
			"alpha-ratio": [1e-1, 3e-1, 1e-2, 1e-3],
			"critic-alpha": [1e-2, 3e-2, 1e-3, 3e-3]
		},
		"lock-weight": false,
    	"enable-debug": false,
    	"seed": 1
	},
	"environment-settings": {
		"seed": 1
	},
	"experiment-settings": {
		"randomize_start_state_beforeLock": true,
    	"randomize_start_state_afterLock": true,
		"steps": 0,
		"episodes": 10000000,
		"max-run-length-episodic": 80000,
		"data-path": "data/hyperparam_v5/acrobot/online_learning/ac/step80k/sweep/",
		"should-log-totals": true,
		"should-log-returns": false,
		"debug-interval": 0
	}
}

