{
	"comment": "This is the config file for expected SARSA lambda agent for the continuing cartpole environment.",
	"agent-name": "esarsa",
	"environment-name": "cartpole",
	"agent-settings": {
		"gamma": 0.9,
		"state-len": 4,
		"env-name": "cartpole",
		"sweep": {
			"tilings": [16],
			"tiles": [8],
			"is-stepsize-adaptive": [true],
			"alpha": [0.0],
			"lambda": [0.023],
			"epsilon": [0.0],
			"adaptive-alpha": [0.03, 0.1, 0.3],
			"beta1": [0.0, 0.9],
			"softmax-temp": [0.1, 1.0, 10.0],
			"weight-init": [0.0, 6.0, 12.0]
		},
		"lock-weight": false,
    	"enable-debug": false,
    	"seed": 1
	},
	"environment-settings": {
		"seed": 1,
    	"percent_noise_action": 0.01
	},
	"experiment-settings": {
		"randomize_start_state_beforeLock": false,
    	"randomize_start_state_afterLock": false,
		"steps": 50000,
		"data-path": "data/hyperparam_v5/cartpole/online_learning/esarsa/step50k/sweep/",
		"should-log-totals": true,
		"debug-interval": 0
	}
}